OCM_ID,Istasyon_Adi,Operator,Ulke,Enlem,Boylam,Google_Place_ID,Yorum_Metni,Tutum_Etiketi,Tutum_Skoru
480257,Кеј Македонија,ЕВН (EVN) (Macedonia),Kuzey_Makedonya,41.1052738268973,20.80823800251551,ChIJZwGoJ_rbUBMR4cOxkEj0iyw,You have to deposit minimum 20 on iCharge. Then it said you need minimum 30 to start charging. No no I have 40€ on an app to charge 1 time. Why people like this exist,Olumsuz,-1
480257,Кеј Македонија,ЕВН (EVN) (Macedonia),Kuzey_Makedonya,41.1052738268973,20.80823800251551,ChIJZwGoJ_rbUBMR4cOxkEj0iyw,"The first issue is parked cars that are not EVs.
The second issue in my case was that somebody pressed the emergency stop button (big red button at the bottom of the charger). If you follow the steps on the screen, it is somewhat easy to fix. Otherwise, you can't charge. Good luck with the charging!",Nötr,0
480257,Кеј Македонија,ЕВН (EVN) (Macedonia),Kuzey_Makedonya,41.1052738268973,20.80823800251551,ChIJZwGoJ_rbUBMR4cOxkEj0iyw,Easily accessible. Charging atarted flawlessly with the Electroverse app,Olumlu,1
480257,Кеј Македонија,ЕВН (EVN) (Macedonia),Kuzey_Makedonya,41.1052738268973,20.80823800251551,ChIJZwGoJ_rbUBMR4cOxkEj0iyw,"Its start with 50kw and goes up to 110kw.
2000mkd means 49-50kwh
Just add your mail address and credit card thats it.",Olumsuz,-1
480257,Кеј Македонија,ЕВН (EVN) (Macedonia),Kuzey_Makedonya,41.1052738268973,20.80823800251551,ChIJZwGoJ_rbUBMR4cOxkEj0iyw,"Now it's time to mark the two parking spaces for the charger. However, one of the parking spaces still has the Hotel Garden sign, and cars that don't use the charger often park in this space. That parking sign should be removed. Thank you.",Nötr,0
193122,Makpetrol,VIRTA,Kuzey_Makedonya,41.13792811478649,22.54510186590494,ChIJ9-_qN4AnVhMRP3n6Fndf2fM,Works,Olumlu,1
193122,Makpetrol,VIRTA,Kuzey_Makedonya,41.13792811478649,22.54510186590494,ChIJ9-_qN4AnVhMRP3n6Fndf2fM,100 kW Perfect,Olumlu,1
193122,Makpetrol,VIRTA,Kuzey_Makedonya,41.13792811478649,22.54510186590494,ChIJ9-_qN4AnVhMRP3n6Fndf2fM,"There's no app; you load money via the website. Minimum deposit is 2000 dinars. Unused dinars are refunded, they said :) We'll see. Speed ​​is 93kW for the Tesla.",Olumsuz,-1
133648,EVN - Ohrid,ЕВН (EVN) (Macedonia),Kuzey_Makedonya,41.1124227428034,20.7994743979,ChIJ8Y5YDmbdUBMRpKRvjpTr_dU,"We were able to manage to charge our cars at this EVN charge point. The card is not needed somehow, even though we tried with the parking card, they did not charge any $$$ us at this location via the parking ticket. Strange but worked. Keep In mind that the 5 hours of free parking comes with this charging which is 500MKD as of July, 2023. (100MKD/hpur parking; not sure kwh charges)",Olumlu,1
133648,EVN - Ohrid,ЕВН (EVN) (Macedonia),Kuzey_Makedonya,41.1124227428034,20.7994743979,ChIJ8Y5YDmbdUBMRpKRvjpTr_dU,"People don't go to Macedonia with an electric car. I only stayed one night instead of three and was staying at the camping site because they let me charge on regular 230V socket. Up until actual charging here the payment went through and I received the confirmation. But when I clicked on the ""charge now"" there was no response from both stations.The same thing happened in Ohrid and Skopje. Apparently it only works with a local card (so I was told by locals in Ohrid) even though the company advertises that it can be charged with Visa/MasterCard. I'm in Bulgaria now and with the app everything works great and mostly over 100kw fast charging.",Olumsuz,-1
133648,EVN - Ohrid,ЕВН (EVN) (Macedonia),Kuzey_Makedonya,41.1124227428034,20.7994743979,ChIJ8Y5YDmbdUBMRpKRvjpTr_dU,"Charger is available BUT! only if you have a card from EVN. I don't know how it is supposed to work for non customers or foreigners visiting.

Another thing is that the parking is supposed to be free for for electric vehicles BUT ! (get used to the ""buts"" when in the Balkans) from 8 o'clock. It doesn't say anywhere BUT! I guess the staff wanted some snackmoney.",Nötr,0
133648,EVN - Ohrid,ЕВН (EVN) (Macedonia),Kuzey_Makedonya,41.1124227428034,20.7994743979,ChIJ8Y5YDmbdUBMRpKRvjpTr_dU,"The problem is that you cant charge your vehicle, because you need a EVN card. As a foreigner I can only pay by card  or via app, but non of this options were available. On top of that with or without luck charging your vehicle, you will have to pay for a very expensive parking.",Olumsuz,-1
133648,EVN - Ohrid,ЕВН (EVN) (Macedonia),Kuzey_Makedonya,41.1124227428034,20.7994743979,ChIJ8Y5YDmbdUBMRpKRvjpTr_dU,ICE cars parked on EV charger place. Parking staff very unfriendly. Police also.,Olumsuz,-1
125585,EVN Charger Gostivar,ЕВН (EVN) (Macedonia),Kuzey_Makedonya,41.793409,20.910522,ChIJj7ACvC9XURMR27n9JnHcnCc,I love it because it's convenient and right downtown,Olumlu,1
125585,EVN Charger Gostivar,ЕВН (EVN) (Macedonia),Kuzey_Makedonya,41.793409,20.910522,ChIJj7ACvC9XURMR27n9JnHcnCc,"Charging with QR code not possible, website won't open. Parking spaces are not being reserved.

I waited for an hour, and only after asking around in the surrounding shops did I find a car owner and have their car moved. But it didn't help because the QR code system wasn't working. A helpful neighbor let me plug in at his house using 230V.

I emailed EVN and received a reply explaining how the charging process works.

The next morning I tried again, and this time the website opened without any problems, and I was able to charge my car. I was able to charge it to just over 50% overnight at the neighbor's house. Thank you.
Thanks to EVN for the feedback.",Olumsuz,-1
125584,Butik Evita (PP close to),ЕВН (EVN) (Macedonia),Kuzey_Makedonya,41.91714,22.4114,ChIJRTS68DOTVRMRgIcZQ8fdTsE,"""Excellent charger, it is possible to pay by Visa Card using the QR code on the Charging Unit, a deposit amount is put on hold in your account, a few days later the amount is released and the correct fee is withdrawn. EV Charging costs 0.50 euros per KWh and it is started and stopped via the QR Code website""",Olumlu,1
125584,Butik Evita (PP close to),ЕВН (EVN) (Macedonia),Kuzey_Makedonya,41.91714,22.4114,ChIJRTS68DOTVRMRgIcZQ8fdTsE,"An extra effort to get to the charger might be needed, since the locals are well aware of the (un)use frequency and the car space is most possibly to be ICEd in busy days, but you get the best possible place to park in the town, free and at no cost for charging.",Olumlu,1
125584,Butik Evita (PP close to),ЕВН (EVN) (Macedonia),Kuzey_Makedonya,41.91714,22.4114,ChIJRTS68DOTVRMRgIcZQ8fdTsE,Super,Olumlu,1
