OCM_ID,Istasyon_Adi,Operator,Enlem,Boylam,Sehir,Kullanim_Tipi,Priz_Sayisi
480257,Кеј Македонија,ЕВН (EVN) (Macedonia),41.1052738268973,20.80823800251551,Охрид,Public - Pay At Location,2
302219,Stibera,(Unknown Operator),41.36287079198917,21.51925737345573,Prilep,Public - Pay At Location,2
193311,Hotel Tino Sveti Stefan,(Unknown Operator),41.07609619065593,20.80337886692928,Ohrid,"Private - For Staff, Visitors or Customers",1
193122,Makpetrol,VIRTA,41.13792811478649,22.54510186590494,Bogorodica,Public,1
188673,Станица за полнење на електрични возила (кај авиончето) ,(Unknown Operator),41.9887382,21.477514,Skopje,Public,2
175752,Porsche Makedonija,(Unknown Operator),42.024874672305515,21.433183099179814,Skopje,Public,2
133648,EVN - Ohrid,ЕВН (EVN) (Macedonia),41.1124227428034,20.7994743979,Ohrid,Public - Membership Required,1
125587,PP close to Shop (Алфа Маркет),(Unknown Operator),41.71668,21.78331,Veles,Public - Membership Required,1
125586,Ванчо Прке,ЕВН (EVN) (Macedonia),41.73657,22.19113,Štip,Public - Membership Required,2
125585,EVN Charger Gostivar,ЕВН (EVN) (Macedonia),41.793409,20.910522,Gostivar,Public - Membership Required,2
125584,Butik Evita (PP close to),ЕВН (EVN) (Macedonia),41.91714,22.4114,Kochani,Public - Membership Required,2
84312,Parking Garage Macedonian Phalang,(Business Owner at Location),41.98948,21.431872,Skopje,Public,2
55038,Pipistrel Flying Club,(Business Owner at Location),42.05884238815343,21.386984329223665,Skopje,Public - Notice Required,1
